0;10000;488;0.6689717585696803;72;64
1;10000;472;0.337754400898902;68;64
2;10000;1076;0.009920974201040588;495;128
0;10000;288;0.8016305895390458;54;32
1;10000;572;0.27348915102221616;107;64
2;10000;132;0.17931568359471056;42;16
3;10000;296;0.04435170554047638;139;32
4;10000;828;0.009920974201040588;519;64
5;10000;912;0.009920974201040588;682;64
6;10000;532;0.009920974201040588;199;64
7;10000;616;0.009920974201040588;1199;64
8;10000;1108;0.009920974201040588;758;128
9;10000;260;0.009920974201040588;454;32
10;10000;1088;0.009920974201040588;199;64
11;10000;888;0.009920974201040588;700;128
12;10000;1548;0.009920974201040588;1645;128
13;10000;548;0.009920974201040588;204;64
14;10000;1096;0.009920974201040588;409;128
15;10000;1440;0.009920974201040588;1542;128
16;10000;684;0.009920974201040588;90;64
0;10000;1132;0.4213342221547681;118;128
1;10000;660;0.16380796970808745;94;32
2;10000;812;0.009920974201040588;441;64
3;10000;1464;0.009920974201040588;1788;128
4;10000;280;0.009920974201040588;629;32
5;10000;612;0.009920974201040588;721;64
6;10000;1596;0.009920974201040588;1182;128
7;10000;868;0.009920974201040588;959;64
8;10000;664;0.009920974201040588;1007;64
9;10000;740;0.009920974201040588;552;64
10;10000;684;0.009920974201040588;409;64
11;10000;288;0.009920974201040588;451;32
12;10000;376;0.009920974201040588;147;32
13;10000;468;0.009920974201040588;140;32
14;10000;696;0.009920974201040588;923;64
15;10000;1148;0.009920974201040588;372;128
16;10000;720;0.009920974201040588;252;64
17;10000;972;0.009920974201040588;187;128
18;10000;540;0.009920974201040588;328;64
19;10000;360;0.009920974201040588;441;32
20;10000;384;0.009920974201040588;297;32
21;10000;1204;0.009920974201040588;804;64
22;10000;1496;0.009920974201040588;393;128
23;10000;644;0.009920974201040588;1246;64
24;10000;764;0.009920974201040588;379;64
25;10000;524;0.009920974201040588;105;64
26;10000;524;0.009920974201040588;82;32
27;10000;616;0.009920974201040588;95;64
28;10000;276;0.009920974201040588;51;32
29;10000;676;0.009920974201040588;487;64
30;10000;1216;0.009920974201040588;265;128
31;10000;1272;0.009920974201040588;1012;128
32;10000;412;0.009920974201040588;83;32
33;10000;260;0.009920974201040588;58;32
34;10000;1732;0.009920974201040588;449;128
35;10000;1136;0.009920974201040588;312;128
36;10000;1236;0.009920974201040588;298;128
37;10000;688;0.009920974201040588;228;64
38;10000;1236;0.009920974201040588;345;128
39;10000;676;0.009920974201040588;291;64
40;10000;652;0.009920974201040588;182;64
41;10000;1252;0.009920974201040588;427;128
42;10000;632;0.009920974201040588;188;64
43;10000;768;0.009920974201040588;122;64
44;10000;532;0.009920974201040588;78;64
45;10000;1300;0.009920974201040588;187;64
46;10000;848;0.009920974201040588;500;64
47;10000;1180;0.009920974201040588;233;128
48;10000;444;0.009920974201040588;100;32
49;10000;352;0.009920974201040588;105;32
50;10000;428;0.009920974201040588;197;32
51;10000;372;0.009920974201040588;91;32
52;10000;712;0.009920974201040588;889;64
53;10000;332;0.009920974201040588;96;32
54;10000;596;0.009920974201040588;92;32
55;10000;2928;0.009920974201040588;924;256
56;10000;788;0.009920974201040588;474;64
57;10000;1008;0.009920974201040588;199;64
58;10000;1960;0.009920974201040588;790;128
59;10000;600;0.009920974201040588;139;64
60;10000;512;0.009920974201040588;184;32
61;10000;632;0.009920974201040588;249;64
62;10000;660;0.009920974201040588;92;64
63;10000;1168;0.009920974201040588;262;128
64;10000;784;0.009920974201040588;129;64
65;10000;624;0.009920974201040588;153;64
66;10000;408;0.009920974201040588;67;32
67;10000;492;0.009920974201040588;88;32
68;10000;508;0.009920974201040588;230;64
69;10000;248;0.009920974201040588;59;32
70;10000;636;0.009920974201040588;758;64
71;10000;1108;0.009920974201040588;306;64
72;10000;320;0.009920974201040588;167;16
73;10000;1212;0.009920974201040588;218;128
74;10000;776;0.009920974201040588;188;64
75;10000;676;0.009920974201040588;240;64
76;10000;1788;0.009920974201040588;297;128
77;10000;760;0.009920974201040588;383;64
78;10000;272;0.009920974201040588;52;32
79;10000;356;0.009920974201040588;147;32
80;10000;1360;0.009920974201040588;379;128
81;10000;648;0.009920974201040588;122;64
82;10000;344;0.009920974201040588;57;32
83;10000;760;0.009920974201040588;247;64
84;10000;1444;0.009920974201040588;242;128
85;10000;620;0.009920974201040588;290;64
86;10000;1036;0.009920974201040588;138;128
87;10000;2368;0.009920974201040588;984;256
88;10000;528;0.009920974201040588;136;64
89;10000;1380;0.009920974201040588;933;128
90;10000;1068;0.009920974201040588;203;64
91;10000;840;0.009920974201040588;253;64
92;10000;664;0.009920974201040588;97;64
93;10000;1116;0.009920974201040588;211;128
94;10000;712;0.009920974201040588;124;64
95;10000;1144;0.009920974201040588;616;64
96;10000;840;0.009920974201040588;148;64
97;10000;176;0.009920974201040588;42;16
98;10000;772;0.009920974201040588;105;64
99;10000;1004;0.009920974201040588;131;128
100;10000;1124;0.009920974201040588;202;128
101;10000;740;0.009920974201040588;116;64
102;10000;728;0.009920974201040588;252;64
103;10000;716;0.009920974201040588;131;64
104;10000;252;0.009920974201040588;62;16
105;10000;228;0.009920974201040588;45;32
106;10000;1320;0.009920974201040588;366;128
107;10000;460;0.009920974201040588;97;32
108;10000;532;0.009920974201040588;96;64
109;10000;708;0.009920974201040588;226;64
110;10000;328;0.009920974201040588;59;32
111;10000;532;0.009920974201040588;105;32
112;10000;608;0.009920974201040588;94;64
113;10000;836;0.009920974201040588;245;64
114;10000;396;0.009920974201040588;104;32
115;10000;448;0.009920974201040588;88;32
116;10000;1068;0.009920974201040588;150;64
117;10000;720;0.009920974201040588;191;64
118;10000;1292;0.009920974201040588;300;128
119;10000;1116;0.009920974201040588;302;128
120;10000;1140;0.009920974201040588;276;128
121;10000;624;0.009920974201040588;641;64
122;10000;1348;0.009920974201040588;271;128
123;10000;680;0.009920974201040588;138;64
124;10000;456;0.009920974201040588;65;64
125;10000;640;0.009920974201040588;155;64
126;10000;552;0.009920974201040588;321;64
127;10000;1468;0.009920974201040588;339;128
128;10000;656;0.009920974201040588;136;64
129;10000;240;0.009920974201040588;59;32
130;10000;1628;0.009920974201040588;622;128
131;10000;648;0.009920974201040588;103;64
132;10000;616;0.009920974201040588;86;64
133;10000;632;0.009920974201040588;101;64
134;10000;612;0.009920974201040588;79;64
135;10000;588;0.009920974201040588;81;64
136;10000;1304;0.009920974201040588;359;128
137;10000;872;0.009920974201040588;238;64
138;10000;680;0.009920974201040588;95;64
139;10000;676;0.009920974201040588;101;64
140;10000;1368;0.009920974201040588;191;128
141;10000;888;0.009920974201040588;677;64
142;10000;1452;0.009920974201040588;426;128
143;10000;1100;0.009920974201040588;209;64
144;10000;1000;0.009920974201040588;222;128
145;10000;844;0.009920974201040588;349;64
146;10000;336;0.009920974201040588;128;32
147;10000;492;0.009920974201040588;315;32
148;10000;608;0.009920974201040588;140;64
149;10000;244;0.009920974201040588;49;32
150;10000;716;0.009920974201040588;100;64
151;10000;1052;0.009920974201040588;128;128
152;10000;808;0.009920974201040588;142;64
153;10000;1560;0.009920974201040588;473;128
154;10000;208;0.009920974201040588;46;16
155;10000;1248;0.009920974201040588;220;128
156;10000;912;0.009920974201040588;444;64
157;10000;696;0.009920974201040588;459;64
158;10000;600;0.009920974201040588;103;64
159;10000;780;0.009920974201040588;123;64
160;10000;448;0.009920974201040588;98;32
161;10000;956;0.009920974201040588;135;64
162;10000;752;0.009920974201040588;115;64
163;10000;836;0.009920974201040588;234;64
164;10000;1068;0.009920974201040588;255;64
165;10000;564;0.009920974201040588;76;32
166;10000;1368;0.009920974201040588;260;128
167;10000;260;0.009920974201040588;48;32
168;10000;1004;0.009920974201040588;300;128
169;10000;1452;0.009920974201040588;549;128
170;10000;704;0.009920974201040588;131;64
171;10000;704;0.009920974201040588;179;32
172;10000;1420;0.009920974201040588;184;128
173;10000;524;0.009920974201040588;144;32
174;10000;676;0.009920974201040588;118;64
175;10000;508;0.009920974201040588;167;64
176;10000;652;0.009920974201040588;169;64
177;10000;1140;0.009920974201040588;235;128
178;10000;1432;0.009920974201040588;399;128
179;10000;304;0.009920974201040588;59;32
180;10000;700;0.009920974201040588;92;64
181;10000;756;0.009920974201040588;120;64
182;10000;2816;0.009920974201040588;866;256
183;10000;888;0.009920974201040588;129;64
184;10000;1708;0.009920974201040588;314;128
185;10000;280;0.009920974201040588;61;32
186;10000;1004;0.009920974201040588;168;64
187;10000;1376;0.009920974201040588;181;128
188;10000;828;0.009920974201040588;130;64
189;10000;2164;0.009920974201040588;377;256
190;10000;660;0.009920974201040588;122;64
191;10000;60;0.009920974201040588;23;16
192;10000;1576;0.009920974201040588;343;128
193;10000;1780;0.009920974201040588;244;128
194;10000;700;0.009920974201040588;236;64
195;10000;1040;0.009920974201040588;193;64
196;10000;800;0.009920974201040588;127;64
197;10000;452;0.009920974201040588;73;64
198;10000;1804;0.009920974201040588;511;128
199;10000;248;0.009920974201040588;167;16
200;10000;536;0.009920974201040588;139;64
201;10000;1108;0.009920974201040588;464;128
202;10000;712;0.009920974201040588;261;64
203;10000;1160;0.009920974201040588;237;128
204;10000;1160;0.009920974201040588;289;128
205;10000;912;0.009920974201040588;112;64
206;10000;2232;0.009920974201040588;325;256
207;10000;1208;0.009920974201040588;386;128
208;10000;1404;0.009920974201040588;372;128
209;10000;700;0.009920974201040588;268;64
210;10000;468;0.009920974201040588;84;64
211;10000;1260;0.009920974201040588;165;128
212;10000;1024;0.009920974201040588;158;64
213;10000;756;0.009920974201040588;178;64
214;10000;1332;0.009920974201040588;183;128
215;10000;1188;0.009920974201040588;216;64
216;10000;312;0.009920974201040588;203;32
217;10000;624;0.009920974201040588;133;32
218;10000;296;0.009920974201040588;53;32
219;10000;1256;0.009920974201040588;258;128
220;10000;764;0.009920974201040588;165;64
221;10000;284;0.009920974201040588;53;32
222;10000;560;0.009920974201040588;102;64
223;10000;320;0.009920974201040588;63;32
224;10000;896;0.009920974201040588;189;64
225;10000;892;0.009920974201040588;150;128
226;10000;568;0.009920974201040588;107;64
227;10000;668;0.009920974201040588;361;64
228;10000;416;0.009920974201040588;111;32
229;10000;832;0.009920974201040588;165;64
230;10000;276;0.009920974201040588;94;32
231;10000;1348;0.009920974201040588;360;128
232;10000;1048;0.009920974201040588;141;128
233;10000;676;0.009920974201040588;182;64
234;10000;892;0.009920974201040588;148;64
235;10000;872;0.009920974201040588;307;64
236;10000;532;0.009920974201040588;118;64
237;10000;1456;0.009920974201040588;478;128
238;10000;656;0.009920974201040588;140;64
239;10000;712;0.009920974201040588;576;64
240;10000;604;0.009920974201040588;211;32
241;10000;440;0.009920974201040588;94;32
242;10000;756;0.009920974201040588;159;64
243;10000;836;0.009920974201040588;195;64
244;10000;1028;0.009920974201040588;215;128
245;10000;968;0.009920974201040588;180;64
246;10000;3264;0.009920974201040588;801;256
247;10000;788;0.009920974201040588;218;64
248;10000;808;0.009920974201040588;121;64
249;10000;1232;0.009920974201040588;219;128
250;10000;592;0.009920974201040588;133;32
251;10000;1664;0.009920974201040588;298;128
252;10000;576;0.009920974201040588;117;64
253;10000;1392;0.009920974201040588;181;128
254;10000;1292;0.009920974201040588;158;128
255;10000;548;0.009920974201040588;276;32
256;10000;412;0.009920974201040588;80;32
257;10000;1180;0.009920974201040588;378;128
258;10000;764;0.009920974201040588;140;64
259;10000;1112;0.009920974201040588;264;128
260;10000;1208;0.009920974201040588;216;128
261;10000;712;0.009920974201040588;111;64
262;10000;524;0.009920974201040588;99;32
263;10000;632;0.009920974201040588;117;64
264;10000;680;0.009920974201040588;154;64
265;10000;624;0.009920974201040588;330;64
266;10000;728;0.009920974201040588;207;64
267;10000;1676;0.009920974201040588;307;128
268;10000;744;0.009920974201040588;153;64
269;10000;676;0.009920974201040588;100;64
270;10000;428;0.009920974201040588;78;64
271;10000;1220;0.009920974201040588;219;128
272;10000;1376;0.009920974201040588;347;128
273;10000;580;0.009920974201040588;188;32
274;10000;420;0.009920974201040588;80;32
275;10000;464;0.009920974201040588;66;64
276;10000;844;0.009920974201040588;200;64
277;10000;812;0.009920974201040588;193;64
278;10000;500;0.009920974201040588;134;32
279;10000;1256;0.009920974201040588;154;128
280;10000;568;0.009920974201040588;82;64
281;10000;548;0.009920974201040588;94;32
282;10000;1104;0.009920974201040588;175;64
283;10000;1344;0.009920974201040588;224;128
284;10000;892;0.009920974201040588;206;64
285;10000;1172;0.009920974201040588;155;128
286;10000;508;0.009920974201040588;190;64
287;10000;756;0.009920974201040588;148;64
288;10000;728;0.009920974201040588;128;64
289;10000;396;0.009920974201040588;77;32
290;10000;388;0.009920974201040588;86;32
291;10000;1504;0.009920974201040588;276;128
292;10000;504;0.009920974201040588;130;64
293;10000;1016;0.009920974201040588;250;64
294;10000;1136;0.009920974201040588;270;64
295;10000;616;0.009920974201040588;96;64
296;10000;1076;0.009920974201040588;395;128
297;10000;580;0.009920974201040588;192;32
298;10000;984;0.009920974201040588;164;128
299;10000;448;0.009920974201040588;118;32
300;10000;796;0.009920974201040588;175;64
301;10000;412;0.009920974201040588;67;32
302;10000;748;0.009920974201040588;318;32
303;10000;1332;0.009920974201040588;198;128
304;10000;716;0.009920974201040588;96;64
305;10000;396;0.009920974201040588;66;32
306;10000;564;0.009920974201040588;76;64
307;10000;2464;0.009920974201040588;511;256
308;10000;592;0.009920974201040588;101;64
309;10000;1176;0.009920974201040588;188;128
310;10000;960;0.009920974201040588;171;128
311;10000;536;0.009920974201040588;119;32
312;10000;1008;0.009920974201040588;183;64
313;10000;300;0.009920974201040588;57;32
314;10000;272;0.009920974201040588;54;32
315;10000;444;0.009920974201040588;147;32
316;10000;520;0.009920974201040588;124;32
317;10000;572;0.009920974201040588;116;64
318;10000;1296;0.009920974201040588;836;128
319;10000;612;0.009920974201040588;85;64
320;10000;880;0.009920974201040588;226;64
321;10000;1060;0.009920974201040588;189;64
322;10000;684;0.009920974201040588;192;64
323;10000;1440;0.009920974201040588;478;128
324;10000;1708;0.009920974201040588;219;128
325;10000;636;0.009920974201040588;147;64
326;10000;392;0.009920974201040588;90;32
327;10000;580;0.009920974201040588;83;64
328;10000;1004;0.009920974201040588;166;128
329;10000;1096;0.009920974201040588;554;128
330;10000;1480;0.009920974201040588;229;128
331;10000;680;0.009920974201040588;103;64
332;10000;808;0.009920974201040588;149;64
333;10000;1064;0.009920974201040588;204;128
334;10000;1068;0.009920974201040588;293;64
335;10000;680;0.009920974201040588;302;64
336;10000;856;0.009920974201040588;188;64
337;10000;840;0.009920974201040588;246;64
338;10000;648;0.009920974201040588;120;64
339;10000;2412;0.009920974201040588;712;256
340;10000;1388;0.009920974201040588;417;128
341;10000;2772;0.009920974201040588;428;256
342;10000;2200;0.009920974201040588;539;256
343;10000;1280;0.009920974201040588;324;128
344;10000;600;0.009920974201040588;84;64
345;10000;656;0.009920974201040588;233;64
346;10000;1332;0.009920974201040588;207;128
347;10000;472;0.009920974201040588;146;32
348;10000;1140;0.009920974201040588;175;128
349;10000;372;0.009920974201040588;63;32
350;10000;420;0.009920974201040588;71;32
351;10000;236;0.009920974201040588;48;32
352;10000;548;0.009920974201040588;103;64
353;10000;640;0.009920974201040588;121;64
354;10000;1728;0.009920974201040588;270;128
355;10000;752;0.009920974201040588;155;64
356;10000;496;0.009920974201040588;102;64
357;10000;668;0.009920974201040588;239;64
358;10000;1252;0.009920974201040588;612;128
359;10000;644;0.009920974201040588;139;64
360;10000;1648;0.009920974201040588;289;128
361;10000;432;0.009920974201040588;83;32
362;10000;824;0.009920974201040588;117;64
363;10000;376;0.009920974201040588;66;32
364;10000;1408;0.009920974201040588;223;128
365;10000;608;0.009920974201040588;131;64
366;10000;832;0.009920974201040588;138;64
367;10000;592;0.009920974201040588;132;64
368;10000;1628;0.009920974201040588;400;128
369;10000;500;0.009920974201040588;73;64
370;10000;792;0.009920974201040588;107;64
371;10000;1540;0.009920974201040588;294;128
372;10000;668;0.009920974201040588;327;64
373;10000;1720;0.009920974201040588;293;128
374;10000;1396;0.009920974201040588;372;128
375;10000;1104;0.009920974201040588;127;128
376;10000;1368;0.009920974201040588;576;128
377;10000;2292;0.009920974201040588;405;256
378;10000;1500;0.009920974201040588;573;128
379;10000;868;0.009920974201040588;350;64
380;10000;708;0.009920974201040588;97;64
381;10000;492;0.009920974201040588;91;32
382;10000;696;0.009920974201040588;179;64
383;10000;700;0.009920974201040588;90;64
384;10000;1044;0.009920974201040588;253;64
385;10000;264;0.009920974201040588;50;32
386;10000;1180;0.009920974201040588;125;128
387;10000;1716;0.009920974201040588;415;128
388;10000;476;0.009920974201040588;69;64
389;10000;1496;0.009920974201040588;300;128
390;10000;1752;0.009920974201040588;384;128
391;10000;780;0.009920974201040588;174;64
392;10000;392;0.009920974201040588;111;32
393;10000;412;0.009920974201040588;74;32
394;10000;944;0.009920974201040588;194;64
395;10000;1056;0.009920974201040588;515;64
396;10000;664;0.009920974201040588;305;64
397;10000;436;0.009920974201040588;70;32
398;10000;1184;0.009920974201040588;303;128
399;10000;712;0.009920974201040588;128;64
400;10000;708;0.009920974201040588;103;64
401;10000;1248;0.009920974201040588;263;64
402;10000;1032;0.009920974201040588;162;64
403;10000;848;0.009920974201040588;198;64
404;10000;1452;0.009920974201040588;263;128
405;10000;988;0.009920974201040588;240;64
406;10000;1368;0.009920974201040588;189;128
407;10000;1320;0.009920974201040588;164;128
408;10000;892;0.009920974201040588;134;64
409;10000;2356;0.009920974201040588;307;128
410;10000;464;0.009920974201040588;113;32
411;10000;604;0.009920974201040588;105;32
412;10000;1520;0.009920974201040588;416;128
413;10000;708;0.009920974201040588;140;64
414;10000;1308;0.009920974201040588;411;64
415;10000;668;0.009920974201040588;121;64
416;10000;916;0.009920974201040588;152;64
417;10000;1288;0.009920974201040588;200;128
418;10000;588;0.009920974201040588;118;64
419;10000;436;0.009920974201040588;81;32
420;10000;292;0.009920974201040588;55;32
421;10000;492;0.009920974201040588;84;64
422;10000;1092;0.009920974201040588;135;128
423;10000;280;0.009920974201040588;52;32
424;10000;1308;0.009920974201040588;280;128
425;10000;1464;0.009920974201040588;203;128
426;10000;408;0.009920974201040588;80;64
427;10000;792;0.009920974201040588;200;64
428;10000;592;0.009920974201040588;75;64
429;10000;2460;0.009920974201040588;290;256
430;10000;176;0.009920974201040588;58;16
431;10000;1404;0.009920974201040588;191;128
432;10000;432;0.009920974201040588;116;32
433;10000;676;0.009920974201040588;145;64
434;10000;876;0.009920974201040588;402;64
435;10000;1340;0.009920974201040588;177;128
436;10000;736;0.009920974201040588;127;64
437;10000;1340;0.009920974201040588;185;128
438;10000;824;0.009920974201040588;136;64
439;10000;648;0.009920974201040588;153;64
440;10000;500;0.009920974201040588;76;64
441;10000;632;0.009920974201040588;86;64
442;10000;1056;0.009920974201040588;237;128
443;10000;620;0.009920974201040588;105;64
444;10000;284;0.009920974201040588;208;16
445;10000;432;0.009920974201040588;110;32
446;10000;236;0.009920974201040588;92;32
447;10000;676;0.009920974201040588;182;64
448;10000;436;0.009920974201040588;144;32
449;10000;404;0.009920974201040588;88;32
450;10000;1160;0.009920974201040588;624;128
451;10000;1292;0.009920974201040588;294;128
452;10000;964;0.009920974201040588;188;128
453;10000;1632;0.009920974201040588;259;128
454;10000;2420;0.009920974201040588;395;256
455;10000;1016;0.009920974201040588;211;64
456;10000;348;0.009920974201040588;61;32
457;10000;1040;0.009920974201040588;113;64
458;10000;292;0.009920974201040588;87;32
459;10000;896;0.009920974201040588;140;64
460;10000;1360;0.009920974201040588;295;128
461;10000;476;0.009920974201040588;94;32
462;10000;1088;0.009920974201040588;259;64
463;10000;344;0.009920974201040588;118;32
464;10000;304;0.009920974201040588;71;32
465;10000;1196;0.009920974201040588;173;64
466;10000;488;0.009920974201040588;75;64
467;10000;1288;0.009920974201040588;210;128
468;10000;308;0.009920974201040588;61;32
469;10000;1160;0.009920974201040588;195;128
470;10000;788;0.009920974201040588;116;64
471;10000;496;0.009920974201040588;259;32
472;10000;1000;0.009920974201040588;223;64
473;10000;632;0.009920974201040588;207;64
474;10000;1292;0.009920974201040588;225;128
475;10000;1148;0.009920974201040588;151;128
476;10000;1244;0.009920974201040588;147;128
477;10000;936;0.009920974201040588;154;64
478;10000;1228;0.009920974201040588;185;128
479;10000;1404;0.009920974201040588;788;128
480;10000;1504;0.009920974201040588;254;128
481;10000;1288;0.009920974201040588;413;128
482;10000;416;0.009920974201040588;143;32
483;10000;628;0.009920974201040588;220;64
484;10000;608;0.009920974201040588;85;64
485;10000;1008;0.009920974201040588;172;64
486;10000;1020;0.009920974201040588;122;128
487;10000;528;0.009920974201040588;74;64
488;10000;2720;0.009920974201040588;410;256
489;10000;588;0.009920974201040588;86;64
490;10000;1364;0.009920974201040588;209;128
491;10000;844;0.009920974201040588;123;64
492;10000;1388;0.009920974201040588;205;128
493;10000;304;0.009920974201040588;57;32
494;10000;1212;0.009920974201040588;173;128
495;10000;492;0.009920974201040588;159;32
496;10000;360;0.009920974201040588;60;32
497;10000;1036;0.009920974201040588;136;128
498;10000;452;0.009920974201040588;77;32
499;10000;1284;0.009920974201040588;771;128
500;10000;1076;0.009920974201040588;142;128
501;10000;1248;0.009920974201040588;148;128
502;10000;572;0.009920974201040588;145;64
503;10000;1588;0.009920974201040588;413;128
504;10000;1592;0.009920974201040588;634;128
505;10000;212;0.009920974201040588;42;32
506;10000;1088;0.009920974201040588;307;128
507;10000;588;0.009920974201040588;85;64
508;10000;360;0.009920974201040588;97;32
509;10000;700;0.009920974201040588;289;64
510;10000;512;0.009920974201040588;163;32
511;10000;776;0.009920974201040588;352;64
512;10000;696;0.009920974201040588;122;64
513;10000;792;0.009920974201040588;236;64
514;10000;1108;0.009920974201040588;129;128
515;10000;512;0.009920974201040588;174;64
516;10000;372;0.009920974201040588;64;32
517;10000;632;0.009920974201040588;315;64
518;10000;1140;0.009920974201040588;176;128
519;10000;656;0.009920974201040588;134;32
520;10000;708;0.009920974201040588;175;64
521;10000;624;0.009920974201040588;94;64
522;10000;1604;0.009920974201040588;206;128
523;10000;544;0.009920974201040588;109;64
524;10000;684;0.009920974201040588;139;64
525;10000;416;0.009920974201040588;90;32
526;10000;1464;0.009920974201040588;283;128
527;10000;1824;0.009920974201040588;295;128
528;10000;480;0.009920974201040588;100;32
529;10000;428;0.009920974201040588;94;32
530;10000;44;0.009920974201040588;22;8
531;10000;404;0.009920974201040588;115;32
532;10000;752;0.009920974201040588;330;64
533;10000;1500;0.009920974201040588;489;128
534;10000;1144;0.009920974201040588;298;64
535;10000;708;0.009920974201040588;107;64
536;10000;704;0.009920974201040588;166;32
537;10000;228;0.009920974201040588;45;32
538;10000;416;0.009920974201040588;68;32
539;10000;1216;0.009920974201040588;275;64
540;10000;1348;0.009920974201040588;174;128
541;10000;536;0.009920974201040588;134;32
542;10000;1036;0.009920974201040588;239;64
543;10000;676;0.009920974201040588;92;64
544;10000;1184;0.009920974201040588;226;128
545;10000;2212;0.009920974201040588;440;256
546;10000;616;0.009920974201040588;94;64
547;10000;1240;0.009920974201040588;243;128
548;10000;524;0.009920974201040588;140;64
549;10000;652;0.009920974201040588;112;64
550;10000;712;0.009920974201040588;133;64
551;10000;1436;0.009920974201040588;262;128
552;10000;2408;0.009920974201040588;661;256
553;10000;748;0.009920974201040588;195;64
554;10000;1028;0.009920974201040588;189;128
555;10000;1000;0.009920974201040588;207;64
556;10000;780;0.009920974201040588;261;64
557;10000;1304;0.009920974201040588;396;128
558;10000;1412;0.009920974201040588;296;128
559;10000;1212;0.009920974201040588;440;128
560;10000;960;0.009920974201040588;115;64
561;10000;1300;0.009920974201040588;152;128
562;10000;1232;0.009920974201040588;288;128
563;10000;1020;0.009920974201040588;350;64
564;10000;644;0.009920974201040588;159;32
565;10000;1412;0.009920974201040588;375;128
566;10000;708;0.009920974201040588;121;64
567;10000;796;0.009920974201040588;141;64
568;10000;1404;0.009920974201040588;405;128
569;10000;1360;0.009920974201040588;155;128
570;10000;1276;0.009920974201040588;160;128
571;10000;648;0.009920974201040588;102;64
572;10000;1296;0.009920974201040588;240;128
573;10000;832;0.009920974201040588;115;64
574;10000;1428;0.009920974201040588;263;128
575;10000;624;0.009920974201040588;118;64
576;10000;1104;0.009920974201040588;139;128
577;10000;520;0.009920974201040588;82;32
578;10000;1464;0.009920974201040588;374;128
579;10000;1768;0.009920974201040588;239;128
580;10000;568;0.009920974201040588;97;32
581;10000;1184;0.009920974201040588;245;128
582;10000;628;0.009920974201040588;84;64
583;10000;1288;0.009920974201040588;258;128
584;10000;632;0.009920974201040588;122;64
585;10000;1084;0.009920974201040588;522;64
586;10000;1088;0.009920974201040588;160;64
587;10000;880;0.009920974201040588;142;64
588;10000;1564;0.009920974201040588;255;128
589;10000;388;0.009920974201040588;92;32
590;10000;360;0.009920974201040588;120;32
591;10000;1076;0.009920974201040588;129;128
592;10000;1788;0.009920974201040588;231;128
593;10000;612;0.009920974201040588;89;64
594;10000;2544;0.009920974201040588;269;256
595;10000;460;0.009920974201040588;110;32
596;10000;192;0.009920974201040588;49;16
597;10000;184;0.009920974201040588;44;16
598;10000;800;0.009920974201040588;139;64
599;10000;1276;0.009920974201040588;251;128
600;10000;1300;0.009920974201040588;445;128
601;10000;868;0.009920974201040588;318;64
602;10000;256;0.009920974201040588;50;32
603;10000;752;0.009920974201040588;175;64
604;10000;616;0.009920974201040588;87;64
605;10000;1756;0.009920974201040588;446;128
606;10000;1052;0.009920974201040588;164;128
607;10000;724;0.009920974201040588;109;64
608;10000;856;0.009920974201040588;185;64
609;10000;548;0.009920974201040588;83;64
610;10000;1064;0.009920974201040588;143;128
611;10000;1440;0.009920974201040588;200;128
612;10000;464;0.009920974201040588;67;64
613;10000;672;0.009920974201040588;172;64
614;10000;768;0.009920974201040588;183;64
615;10000;664;0.009920974201040588;126;64
616;10000;1020;0.009920974201040588;120;64
617;10000;872;0.009920974201040588;114;64
618;10000;388;0.009920974201040588;115;32
619;10000;736;0.009920974201040588;198;64
620;10000;208;0.009920974201040588;65;16
621;10000;1452;0.009920974201040588;320;128
622;10000;1060;0.009920974201040588;153;64
623;10000;976;0.009920974201040588;238;64
624;10000;1184;0.009920974201040588;145;128
625;10000;1348;0.009920974201040588;223;128
626;10000;640;0.009920974201040588;103;64
627;10000;1448;0.009920974201040588;676;128
628;10000;1356;0.009920974201040588;279;128
629;10000;776;0.009920974201040588;219;64
630;10000;396;0.009920974201040588;127;32
631;10000;1124;0.009920974201040588;149;128
632;10000;728;0.009920974201040588;259;64
633;10000;728;0.009920974201040588;215;64
634;10000;288;0.009920974201040588;52;32
635;10000;820;0.009920974201040588;136;64
636;10000;1108;0.009920974201040588;155;128
637;10000;320;0.009920974201040588;77;32
638;10000;1412;0.009920974201040588;229;128
639;10000;972;0.009920974201040588;115;128
640;10000;436;0.009920974201040588;70;32
641;10000;888;0.009920974201040588;117;64
642;10000;712;0.009920974201040588;128;64
643;10000;1388;0.009920974201040588;381;128
644;10000;776;0.009920974201040588;135;64
645;10000;592;0.009920974201040588;83;64
646;10000;1452;0.009920974201040588;487;128
647;10000;1384;0.009920974201040588;285;128
648;10000;424;0.009920974201040588;84;32
649;10000;116;0.009920974201040588;34;16
650;10000;988;0.009920974201040588;207;64
651;10000;800;0.009920974201040588;162;64
652;10000;228;0.009920974201040588;47;32
653;10000;1468;0.009920974201040588;209;128
654;10000;844;0.009920974201040588;233;64
655;10000;612;0.009920974201040588;217;32
656;10000;612;0.009920974201040588;184;32
657;10000;2688;0.009920974201040588;468;256
658;10000;496;0.009920974201040588;92;64
659;10000;2240;0.009920974201040588;399;256
660;10000;808;0.009920974201040588;348;64
661;10000;496;0.009920974201040588;88;32
662;10000;448;0.009920974201040588;119;32
663;10000;1512;0.009920974201040588;412;128
664;10000;1448;0.009920974201040588;267;128
665;10000;744;0.009920974201040588;237;64
666;10000;1292;0.009920974201040588;209;128
667;10000;588;0.009920974201040588;79;64
668;10000;804;0.009920974201040588;109;64
669;10000;1384;0.009920974201040588;205;128
670;10000;552;0.009920974201040588;76;64
671;10000;844;0.009920974201040588;297;64
672;10000;476;0.009920974201040588;73;32
673;10000;1460;0.009920974201040588;202;128
674;10000;220;0.009920974201040588;48;16
675;10000;1056;0.009920974201040588;206;64
676;10000;704;0.009920974201040588;230;64
677;10000;660;0.009920974201040588;101;64
678;10000;648;0.009920974201040588;114;64
679;10000;984;0.009920974201040588;136;64
680;10000;744;0.009920974201040588;98;64
681;10000;1028;0.009920974201040588;224;64
682;10000;2060;0.009920974201040588;288;256
683;10000;476;0.009920974201040588;99;32
684;10000;888;0.009920974201040588;191;64
685;10000;2036;0.009920974201040588;546;128
686;10000;1284;0.009920974201040588;231;128
687;10000;1308;0.009920974201040588;300;128
688;10000;1156;0.009920974201040588;152;128
689;10000;468;0.009920974201040588;95;64
690;10000;1200;0.009920974201040588;136;128
691;10000;296;0.009920974201040588;55;32
692;10000;480;0.009920974201040588;85;32
693;10000;732;0.009920974201040588;161;64
694;10000;1376;0.009920974201040588;260;128
695;10000;916;0.009920974201040588;122;64
696;10000;640;0.009920974201040588;182;64
697;10000;452;0.009920974201040588;128;32
698;10000;780;0.009920974201040588;105;64
699;10000;1620;0.009920974201040588;412;128
700;10000;1004;0.009920974201040588;152;64
701;10000;332;0.009920974201040588;87;32
702;10000;480;0.009920974201040588;90;32
703;10000;920;0.009920974201040588;112;64
704;10000;1180;0.009920974201040588;512;128
705;10000;1368;0.009920974201040588;152;128
706;10000;332;0.009920974201040588;70;32
707;10000;1220;0.009920974201040588;173;128
708;10000;664;0.009920974201040588;86;64
709;10000;648;0.009920974201040588;88;64
710;10000;736;0.009920974201040588;107;64
711;10000;636;0.009920974201040588;170;64
712;10000;584;0.009920974201040588;152;64
713;10000;356;0.009920974201040588;62;32
714;10000;328;0.009920974201040588;74;32
715;10000;1136;0.009920974201040588;264;128
716;10000;1632;0.009920974201040588;329;128
717;10000;1412;0.009920974201040588;220;128
718;10000;752;0.009920974201040588;121;64
719;10000;360;0.009920974201040588;65;32
720;10000;1920;0.009920974201040588;354;256
721;10000;1452;0.009920974201040588;290;128
722;10000;572;0.009920974201040588;122;64
723;10000;948;0.009920974201040588;395;64
724;10000;776;0.009920974201040588;192;64
725;10000;472;0.009920974201040588;122;32
726;10000;1744;0.009920974201040588;569;128
727;10000;716;0.009920974201040588;170;64
728;10000;924;0.009920974201040588;115;64
729;10000;656;0.009920974201040588;90;64
730;10000;324;0.009920974201040588;79;32
731;10000;1512;0.009920974201040588;296;128
732;10000;748;0.009920974201040588;361;64
733;10000;1184;0.009920974201040588;247;128
734;10000;1332;0.009920974201040588;164;128
735;10000;500;0.009920974201040588;78;32
736;10000;2240;0.009920974201040588;350;256
737;10000;520;0.009920974201040588;126;32
738;10000;1100;0.009920974201040588;322;64
739;10000;592;0.009920974201040588;181;64
740;10000;892;0.009920974201040588;115;64
741;10000;588;0.009920974201040588;115;64
742;10000;1216;0.009920974201040588;188;128
743;10000;564;0.009920974201040588;141;64
744;10000;328;0.009920974201040588;60;32
745;10000;560;0.009920974201040588;86;64
746;10000;388;0.009920974201040588;63;32
747;10000;1344;0.009920974201040588;245;128
748;10000;960;0.009920974201040588;230;64
749;10000;420;0.009920974201040588;113;32
750;10000;1300;0.009920974201040588;220;128
751;10000;1076;0.009920974201040588;228;128
752;10000;1196;0.009920974201040588;190;128
753;10000;724;0.009920974201040588;111;64
754;10000;1108;0.009920974201040588;203;128
755;10000;1612;0.009920974201040588;217;128
756;10000;192;0.009920974201040588;42;32
757;10000;624;0.009920974201040588;88;64
758;10000;956;0.009920974201040588;354;64
759;10000;296;0.009920974201040588;53;32
760;10000;372;0.009920974201040588;64;32
761;10000;752;0.009920974201040588;116;64
762;10000;620;0.009920974201040588;89;64
763;10000;1048;0.009920974201040588;343;64
764;10000;1260;0.009920974201040588;338;128
765;10000;1000;0.009920974201040588;203;128
766;10000;904;0.009920974201040588;298;64
767;10000;708;0.009920974201040588;123;64
768;10000;100;0.009920974201040588;42;8
769;10000;1556;0.009920974201040588;250;128
770;10000;748;0.009920974201040588;303;64
771;10000;256;0.009920974201040588;58;32
772;10000;616;0.009920974201040588;84;64
773;10000;640;0.009920974201040588;92;64
774;10000;524;0.009920974201040588;79;32
775;10000;360;0.009920974201040588;63;32
776;10000;1240;0.009920974201040588;134;128
777;10000;984;0.009920974201040588;498;64
778;10000;644;0.009920974201040588;184;64
779;10000;668;0.009920974201040588;131;64
780;10000;1124;0.009920974201040588;296;128
781;10000;1024;0.009920974201040588;459;64
782;10000;812;0.009920974201040588;202;64
783;10000;504;0.009920974201040588;297;64
784;10000;1212;0.009920974201040588;397;128
785;10000;832;0.009920974201040588;102;64
786;10000;844;0.009920974201040588;111;64
787;10000;1328;0.009920974201040588;225;128
788;10000;284;0.009920974201040588;51;32
789;10000;1228;0.009920974201040588;319;128
790;10000;1520;0.009920974201040588;399;128
791;10000;1556;0.009920974201040588;213;128
792;10000;344;0.009920974201040588;86;32
793;10000;1452;0.009920974201040588;258;128
794;10000;520;0.009920974201040588;183;64
795;10000;284;0.009920974201040588;124;32
796;10000;648;0.009920974201040588;139;32
797;10000;532;0.009920974201040588;81;64
798;10000;384;0.009920974201040588;60;64
799;10000;772;0.009920974201040588;151;64
800;10000;472;0.009920974201040588;96;32
801;10000;1392;0.009920974201040588;517;128
802;10000;1464;0.009920974201040588;229;128
803;10000;1272;0.009920974201040588;141;128
804;10000;788;0.009920974201040588;205;64
805;10000;396;0.009920974201040588;104;32
806;10000;1308;0.009920974201040588;224;128
807;10000;944;0.009920974201040588;228;64
808;10000;232;0.009920974201040588;62;16
809;10000;772;0.009920974201040588;111;64
810;10000;264;0.009920974201040588;56;32
811;10000;568;0.009920974201040588;103;64
812;10000;800;0.009920974201040588;282;64
813;10000;508;0.009920974201040588;91;32
814;10000;548;0.009920974201040588;94;64
815;10000;260;0.009920974201040588;57;32
816;10000;1272;0.009920974201040588;211;128
817;10000;1052;0.009920974201040588;276;64
818;10000;264;0.009920974201040588;59;16
819;10000;1284;0.009920974201040588;238;128
820;10000;1048;0.009920974201040588;114;128
821;10000;1792;0.009920974201040588;284;128
822;10000;1232;0.009920974201040588;201;128
823;10000;1008;0.009920974201040588;185;64
824;10000;1600;0.009920974201040588;442;128
825;10000;540;0.009920974201040588;111;32
826;10000;332;0.009920974201040588;116;32
827;10000;608;0.009920974201040588;101;64
828;10000;680;0.009920974201040588;156;64
829;10000;1284;0.009920974201040588;252;128
830;10000;1312;0.009920974201040588;480;128
831;10000;1464;0.009920974201040588;415;128
832;10000;528;0.009920974201040588;79;32
833;10000;584;0.009920974201040588;92;64
834;10000;1044;0.009920974201040588;389;128
835;10000;1068;0.009920974201040588;179;64
836;10000;180;0.009920974201040588;42;16
837;10000;744;0.009920974201040588;111;64
838;10000;744;0.009920974201040588;138;64
839;10000;1252;0.009920974201040588;185;128
840;10000;1776;0.009920974201040588;394;128
841;10000;340;0.009920974201040588;64;32
842;10000;900;0.009920974201040588;304;64
843;10000;992;0.009920974201040588;192;64
844;10000;312;0.009920974201040588;123;32
845;10000;504;0.009920974201040588;118;32
846;10000;460;0.009920974201040588;98;32
847;10000;1160;0.009920974201040588;314;64
848;10000;560;0.009920974201040588;105;64
849;10000;528;0.009920974201040588;97;64
850;10000;1088;0.009920974201040588;178;128
851;10000;468;0.009920974201040588;165;32
852;10000;436;0.009920974201040588;69;32
853;10000;1272;0.009920974201040588;329;128
854;10000;664;0.009920974201040588;244;64
855;10000;864;0.009920974201040588;237;128
856;10000;440;0.009920974201040588;114;32
857;10000;748;0.009920974201040588;123;64
858;10000;472;0.009920974201040588;96;32
859;10000;1436;0.009920974201040588;224;128
860;10000;1040;0.009920974201040588;146;64
861;10000;1088;0.009920974201040588;204;128
862;10000;752;0.009920974201040588;119;64
863;10000;1456;0.009920974201040588;312;128
864;10000;712;0.009920974201040588;110;64
865;10000;1452;0.009920974201040588;293;128
866;10000;664;0.009920974201040588;95;64
867;10000;1036;0.009920974201040588;341;64
868;10000;884;0.009920974201040588;158;64
869;10000;708;0.009920974201040588;95;64
870;10000;660;0.009920974201040588;137;64
871;10000;420;0.009920974201040588;80;32
872;10000;1040;0.009920974201040588;248;64
873;10000;816;0.009920974201040588;180;64
874;10000;664;0.009920974201040588;128;64
875;10000;568;0.009920974201040588;125;64
876;10000;836;0.009920974201040588;136;64
877;10000;1080;0.009920974201040588;236;128
878;10000;696;0.009920974201040588;122;64
879;10000;468;0.009920974201040588;78;32
880;10000;1256;0.009920974201040588;249;128
881;10000;324;0.009920974201040588;69;32
882;10000;312;0.009920974201040588;68;32
883;10000;1216;0.009920974201040588;164;128
884;10000;1160;0.009920974201040588;191;128
885;10000;1284;0.009920974201040588;183;128
886;10000;260;0.009920974201040588;66;16
887;10000;1300;0.009920974201040588;458;128
888;10000;848;0.009920974201040588;205;64
889;10000;1408;0.009920974201040588;270;128
890;10000;384;0.009920974201040588;108;32
891;10000;1568;0.009920974201040588;430;128
892;10000;1776;0.009920974201040588;289;128
893;10000;664;0.009920974201040588;94;64
894;10000;620;0.009920974201040588;131;64
895;10000;792;0.009920974201040588;195;64
896;10000;544;0.009920974201040588;86;64
897;10000;1396;0.009920974201040588;256;128
898;10000;2068;0.009920974201040588;237;256
899;10000;808;0.009920974201040588;175;64
900;10000;504;0.009920974201040588;81;64
901;10000;732;0.009920974201040588;288;64
902;10000;764;0.009920974201040588;129;64
903;10000;1084;0.009920974201040588;139;128
904;10000;1360;0.009920974201040588;239;128
905;10000;552;0.009920974201040588;94;64
906;10000;848;0.009920974201040588;140;64
907;10000;744;0.009920974201040588;173;64
908;10000;1404;0.009920974201040588;222;128
909;10000;596;0.009920974201040588;79;64
910;10000;1124;0.009920974201040588;342;128
911;10000;228;0.009920974201040588;56;16
912;10000;468;0.009920974201040588;107;32
913;10000;584;0.009920974201040588;103;64
914;10000;880;0.009920974201040588;196;64
915;10000;492;0.009920974201040588;70;64
916;10000;1304;0.009920974201040588;802;128
917;10000;740;0.009920974201040588;431;64
918;10000;708;0.009920974201040588;112;64
919;10000;844;0.009920974201040588;179;64
920;10000;492;0.009920974201040588;102;32
921;10000;440;0.009920974201040588;100;32
922;10000;888;0.009920974201040588;202;64
923;10000;324;0.009920974201040588;80;32
924;10000;240;0.009920974201040588;52;16
925;10000;1976;0.009920974201040588;212;128
926;10000;284;0.009920974201040588;53;32
927;10000;1264;0.009920974201040588;153;128
928;10000;740;0.009920974201040588;143;64
929;10000;1236;0.009920974201040588;298;128
930;10000;596;0.009920974201040588;104;64
931;10000;668;0.009920974201040588;128;64
932;10000;2200;0.009920974201040588;343;256
933;10000;1348;0.009920974201040588;329;128
934;10000;1364;0.009920974201040588;256;128
935;10000;208;0.009920974201040588;57;16
936;10000;1188;0.009920974201040588;196;128
937;10000;352;0.009920974201040588;59;32
938;10000;468;0.009920974201040588;108;32
939;10000;424;0.009920974201040588;87;32
940;10000;1424;0.009920974201040588;349;128
941;10000;2016;0.009920974201040588;557;128
942;10000;404;0.009920974201040588;81;32
943;10000;944;0.009920974201040588;183;64
944;10000;376;0.009920974201040588;84;32
945;10000;896;0.009920974201040588;216;64
946;10000;580;0.009920974201040588;127;64
947;10000;660;0.009920974201040588;201;64
948;10000;712;0.009920974201040588;118;64
949;10000;720;0.009920974201040588;142;64
950;10000;740;0.009920974201040588;154;64
951;10000;936;0.009920974201040588;124;64
952;10000;1488;0.009920974201040588;241;128
953;10000;736;0.009920974201040588;130;64
954;10000;428;0.009920974201040588;82;32
955;10000;668;0.009920974201040588;161;64
956;10000;1060;0.009920974201040588;150;128
957;10000;1056;0.009920974201040588;218;128
958;10000;600;0.009920974201040588;82;64
959;10000;716;0.009920974201040588;153;64
960;10000;776;0.009920974201040588;203;64
961;10000;900;0.009920974201040588;95;128
962;10000;952;0.009920974201040588;119;128
963;10000;508;0.009920974201040588;80;64
964;10000;696;0.009920974201040588;140;64
965;10000;1168;0.009920974201040588;382;128
966;10000;1024;0.009920974201040588;307;64
967;10000;1224;0.009920974201040588;335;128
968;10000;848;0.009920974201040588;203;64
969;10000;604;0.009920974201040588;337;64
970;10000;428;0.009920974201040588;87;32
971;10000;740;0.009920974201040588;119;64
972;10000;840;0.009920974201040588;187;64
973;10000;1068;0.009920974201040588;211;64
974;10000;568;0.009920974201040588;121;64
975;10000;1492;0.009920974201040588;245;128
976;10000;280;0.009920974201040588;66;32
977;10000;748;0.009920974201040588;233;64
978;10000;296;0.009920974201040588;79;32
979;10000;772;0.009920974201040588;122;64
980;10000;588;0.009920974201040588;88;64
981;10000;1416;0.009920974201040588;243;128
982;10000;484;0.009920974201040588;195;64
983;10000;380;0.009920974201040588;98;32
984;10000;712;0.009920974201040588;157;64
985;10000;1384;0.009920974201040588;461;128
986;10000;1448;0.009920974201040588;329;128
987;10000;584;0.009920974201040588;102;32
988;10000;1132;0.009920974201040588;147;128
989;10000;780;0.009920974201040588;233;64
990;10000;1180;0.009920974201040588;492;128
991;10000;1364;0.009920974201040588;318;128
992;10000;524;0.009920974201040588;74;64
993;10000;528;0.009920974201040588;95;64
994;10000;992;0.009920974201040588;283;64
995;10000;956;0.009920974201040588;415;64
996;10000;588;0.009920974201040588;98;64
997;10000;380;0.009920974201040588;126;32
998;10000;1340;0.009920974201040588;308;128
999;10000;444;0.009920974201040588;69;64
1000;10000;1480;0.009920974201040588;598;128
1001;10000;852;0.009920974201040588;197;64
1002;10000;536;0.009920974201040588;99;64
1003;10000;292;0.009920974201040588;68;32
1004;10000;604;0.009920974201040588;151;64
1005;10000;712;0.009920974201040588;144;64
1006;10000;860;0.009920974201040588;811;64
1007;10000;636;0.009920974201040588;347;64
1008;10000;628;0.009920974201040588;118;64
1009;10000;680;0.009920974201040588;141;64
1010;10000;296;0.009920974201040588;63;32
1011;10000;412;0.009920974201040588;117;32
1012;10000;436;0.009920974201040588;149;32
1013;10000;1220;0.009920974201040588;356;128
1014;10000;388;0.009920974201040588;64;32
1015;10000;2620;0.009920974201040588;454;256
1016;10000;1136;0.009920974201040588;642;64
1017;10000;576;0.009920974201040588;86;64
1018;10000;780;0.009920974201040588;129;64
1019;10000;284;0.009920974201040588;54;32
1020;10000;1044;0.009920974201040588;406;64
1021;10000;472;0.009920974201040588;76;32
1022;10000;616;0.009920974201040588;392;32
1023;10000;1320;0.009920974201040588;294;128
1024;10000;1880;0.009920974201040588;231;256
1025;10000;492;0.009920974201040588;112;32
1026;10000;608;0.009920974201040588;122;64
1027;10000;1196;0.009920974201040588;389;128
1028;10000;1248;0.009920974201040588;544;128
1029;10000;992;0.009920974201040588;200;64
1030;10000;1320;0.009920974201040588;458;128
1031;10000;680;0.009920974201040588;166;64
1032;10000;1492;0.009920974201040588;280;128
1033;10000;2212;0.009920974201040588;394;256
1034;10000;428;0.009920974201040588;67;64
1035;10000;688;0.009920974201040588;109;64
1036;10000;1376;0.009920974201040588;224;128
1037;10000;492;0.009920974201040588;76;64
1038;10000;1172;0.009920974201040588;236;128
1039;10000;1240;0.009920974201040588;221;128
1040;10000;596;0.009920974201040588;101;64
1041;10000;1692;0.009920974201040588;432;128
1042;10000;524;0.009920974201040588;226;64
1043;10000;456;0.009920974201040588;95;64
1044;10000;644;0.009920974201040588;117;64
1045;10000;596;0.009920974201040588;129;64
1046;10000;608;0.009920974201040588;149;64
1047;10000;1068;0.009920974201040588;147;128
1048;10000;1036;0.009920974201040588;158;128
1049;10000;392;0.009920974201040588;77;32
1050;10000;428;0.009920974201040588;69;32
1051;10000;1272;0.009920974201040588;151;128
1052;10000;784;0.009920974201040588;251;64
1053;10000;160;0.009920974201040588;40;16
1054;10000;1312;0.009920974201040588;210;128
1055;10000;772;0.009920974201040588;113;64
1056;10000;1268;0.009920974201040588;224;128
1057;10000;764;0.009920974201040588;205;64
1058;10000;676;0.009920974201040588;175;64
1059;10000;656;0.009920974201040588;177;64
1060;10000;652;0.009920974201040588;115;64
1061;10000;588;0.009920974201040588;138;64
1062;10000;568;0.009920974201040588;83;64
1063;10000;500;0.009920974201040588;88;32
1064;10000;728;0.009920974201040588;132;64
1065;10000;864;0.009920974201040588;108;64
1066;10000;708;0.009920974201040588;106;64
1067;10000;1464;0.009920974201040588;628;128
1068;10000;568;0.009920974201040588;76;64
1069;10000;952;0.009920974201040588;109;128
1070;10000;1336;0.009920974201040588;278;128
1071;10000;528;0.009920974201040588;81;32
1072;10000;1208;0.009920974201040588;169;64
1073;10000;748;0.009920974201040588;134;64
1074;10000;1152;0.009920974201040588;150;128
1075;10000;348;0.009920974201040588;65;32
1076;10000;1256;0.009920974201040588;328;64
1077;10000;228;0.009920974201040588;79;16
1078;10000;684;0.009920974201040588;89;64
1079;10000;1580;0.009920974201040588;341;128
1080;10000;524;0.009920974201040588;150;32
1081;10000;1560;0.009920974201040588;260;128
1082;10000;292;0.009920974201040588;56;32
1083;10000;1472;0.009920974201040588;312;128
1084;10000;1336;0.009920974201040588;276;128
1085;10000;856;0.009920974201040588;323;64
1086;10000;244;0.009920974201040588;49;32
1087;10000;800;0.009920974201040588;183;64
1088;10000;828;0.009920974201040588;104;64
1089;10000;644;0.009920974201040588;181;64
1090;10000;624;0.009920974201040588;111;64
1091;10000;236;0.009920974201040588;52;16
1092;10000;420;0.009920974201040588;73;32
1093;10000;1276;0.009920974201040588;208;128
1094;10000;800;0.009920974201040588;358;64
1095;10000;908;0.009920974201040588;114;64
1096;10000;768;0.009920974201040588;153;64
1097;10000;1500;0.009920974201040588;259;128
1098;10000;632;0.009920974201040588;331;64
1099;10000;640;0.009920974201040588;124;64
1100;10000;620;0.009920974201040588;99;64
1101;10000;392;0.009920974201040588;72;32
1102;10000;652;0.009920974201040588;102;64
1103;10000;664;0.009920974201040588;171;64
1104;10000;2164;0.009920974201040588;210;256
1105;10000;956;0.009920974201040588;219;64
1106;10000;704;0.009920974201040588;139;64
1107;10000;900;0.009920974201040588;116;128
1108;10000;880;0.009920974201040588;216;64
1109;10000;560;0.009920974201040588;114;32
1110;10000;848;0.009920974201040588;108;64
1111;10000;428;0.009920974201040588;87;32
1112;10000;768;0.009920974201040588;126;64
1113;10000;680;0.009920974201040588;205;64
1114;10000;272;0.009920974201040588;73;32
1115;10000;1024;0.009920974201040588;236;64
1116;10000;696;0.009920974201040588;120;64
1117;10000;1212;0.009920974201040588;280;128
1118;10000;232;0.009920974201040588;50;32
1119;10000;700;0.009920974201040588;128;64
1120;10000;648;0.009920974201040588;152;64
1121;10000;688;0.009920974201040588;117;64
1122;10000;832;0.009920974201040588;134;64
1123;10000;1016;0.009920974201040588;136;128
1124;10000;1020;0.009920974201040588;179;64
1125;10000;1212;0.009920974201040588;212;128
1126;10000;544;0.009920974201040588;87;64
1127;10000;908;0.009920974201040588;171;64
1128;10000;1208;0.009920974201040588;232;128
1129;10000;640;0.009920974201040588;114;64
1130;10000;1344;0.009920974201040588;359;128
1131;10000;1008;0.009920974201040588;245;64
1132;10000;1384;0.009920974201040588;192;128
1133;10000;680;0.009920974201040588;129;64
1134;10000;988;0.009920974201040588;168;64
1135;10000;1172;0.009920974201040588;189;128
1136;10000;1024;0.009920974201040588;133;128
1137;10000;1280;0.009920974201040588;311;128
1138;10000;720;0.009920974201040588;175;64
1139;10000;256;0.009920974201040588;48;32
1140;10000;956;0.009920974201040588;534;64
1141;10000;896;0.009920974201040588;164;64
1142;10000;808;0.009920974201040588;138;64
1143;10000;328;0.009920974201040588;154;32
1144;10000;1428;0.009920974201040588;199;128
1145;10000;1448;0.009920974201040588;308;128
1146;10000;676;0.009920974201040588;175;64
1147;10000;316;0.009920974201040588;57;32
1148;10000;672;0.009920974201040588;153;64
1149;10000;1220;0.009920974201040588;199;128
1150;10000;888;0.009920974201040588;176;64
1151;10000;312;0.009920974201040588;54;32
1152;10000;1180;0.009920974201040588;193;128
1153;10000;616;0.009920974201040588;92;64
1154;10000;972;0.009920974201040588;258;64
1155;10000;920;0.009920974201040588;262;64
1156;10000;684;0.009920974201040588;198;64
1157;10000;1248;0.009920974201040588;233;128
1158;10000;560;0.009920974201040588;87;64
1159;10000;956;0.009920974201040588;341;64
1160;10000;432;0.009920974201040588;93;32
1161;10000;508;0.009920974201040588;73;64
1162;10000;604;0.009920974201040588;130;64
1163;10000;588;0.009920974201040588;148;64
1164;10000;508;0.009920974201040588;87;32
1165;10000;1112;0.009920974201040588;202;128
1166;10000;528;0.009920974201040588;102;64
1167;10000;440;0.009920974201040588;123;32
1168;10000;1312;0.009920974201040588;372;128
1169;10000;396;0.009920974201040588;64;64
1170;10000;552;0.009920974201040588;103;32
1171;10000;912;0.009920974201040588;320;64
1172;10000;548;0.009920974201040588;82;64
1173;10000;500;0.009920974201040588;92;64
1174;10000;1312;0.009920974201040588;207;128
1175;10000;948;0.009920974201040588;206;64
1176;10000;952;0.009920974201040588;153;64
1177;10000;304;0.009920974201040588;61;32
1178;10000;272;0.009920974201040588;69;16
1179;10000;308;0.009920974201040588;59;32
1180;10000;676;0.009920974201040588;163;64
1181;10000;272;0.009920974201040588;66;32
1182;10000;2056;0.009920974201040588;331;256
1183;10000;832;0.009920974201040588;121;64
1184;10000;1488;0.009920974201040588;270;128
1185;10000;520;0.009920974201040588;71;64
1186;10000;948;0.009920974201040588;171;64
1187;10000;240;0.009920974201040588;57;32
1188;10000;720;0.009920974201040588;98;64
1189;10000;1276;0.009920974201040588;245;128
1190;10000;552;0.009920974201040588;90;64
1191;10000;2040;0.009920974201040588;257;256
1192;10000;596;0.009920974201040588;123;64
1193;10000;1168;0.009920974201040588;160;128
1194;10000;764;0.009920974201040588;104;64
1195;10000;492;0.009920974201040588;114;32
1196;10000;1440;0.009920974201040588;315;128
1197;10000;328;0.009920974201040588;83;32
1198;10000;1272;0.009920974201040588;421;128
1199;10000;284;0.009920974201040588;70;32
1200;10000;268;0.009920974201040588;60;32
1201;10000;1120;0.009920974201040588;263;128
1202;10000;940;0.009920974201040588;162;64
1203;10000;1308;0.009920974201040588;360;128
1204;10000;252;0.009920974201040588;62;16
1205;10000;796;0.009920974201040588;216;64
1206;10000;480;0.009920974201040588;115;32
1207;10000;972;0.009920974201040588;148;64
1208;10000;520;0.009920974201040588;83;32
1209;10000;908;0.009920974201040588;158;64
1210;10000;936;0.009920974201040588;195;128
1211;10000;256;0.009920974201040588;73;32
1212;10000;396;0.009920974201040588;85;32
1213;10000;1720;0.009920974201040588;257;128
1214;10000;1056;0.009920974201040588;149;128
1215;10000;2480;0.009920974201040588;353;256
1216;10000;388;0.009920974201040588;88;32
1217;10000;1180;0.009920974201040588;157;64
1218;10000;928;0.009920974201040588;344;64
1219;10000;588;0.009920974201040588;106;64
1220;10000;516;0.009920974201040588;117;64
1221;10000;272;0.009920974201040588;87;16
1222;10000;380;0.009920974201040588;78;32
1223;10000;560;0.009920974201040588;86;64
1224;10000;604;0.009920974201040588;114;64
1225;10000;1180;0.009920974201040588;481;64
1226;10000;452;0.009920974201040588;88;32
1227;10000;832;0.009920974201040588;160;64
1228;10000;956;0.009920974201040588;126;64
1229;10000;300;0.009920974201040588;93;16
1230;10000;1008;0.009920974201040588;135;128
1231;10000;772;0.009920974201040588;263;64
1232;10000;1388;0.009920974201040588;255;128
1233;10000;704;0.009920974201040588;121;64
1234;10000;1436;0.009920974201040588;172;128
1235;10000;2236;0.009920974201040588;501;128
1236;10000;716;0.009920974201040588;106;64
1237;10000;1256;0.009920974201040588;280;64
1238;10000;876;0.009920974201040588;123;64
1239;10000;1304;0.009920974201040588;815;128
1240;10000;1288;0.009920974201040588;290;64
1241;10000;932;0.009920974201040588;178;64
1242;10000;684;0.009920974201040588;157;64
1243;10000;356;0.009920974201040588;64;32
1244;10000;756;0.009920974201040588;111;64
1245;10000;1324;0.009920974201040588;394;128
1246;10000;240;0.009920974201040588;49;16
1247;10000;640;0.009920974201040588;113;32
1248;10000;320;0.009920974201040588;58;32
1249;10000;944;0.009920974201040588;158;64
1250;10000;1392;0.009920974201040588;236;128
1251;10000;404;0.009920974201040588;87;32
1252;10000;348;0.009920974201040588;100;32
1253;10000;456;0.009920974201040588;106;32
1254;10000;956;0.009920974201040588;124;64
1255;10000;500;0.009920974201040588;125;32
1256;10000;916;0.009920974201040588;126;64
1257;10000;692;0.009920974201040588;96;64
1258;10000;528;0.009920974201040588;124;64
1259;10000;672;0.009920974201040588;385;64
1260;10000;596;0.009920974201040588;88;64
1261;10000;1596;0.009920974201040588;356;128
1262;10000;624;0.009920974201040588;108;64
1263;10000;404;0.009920974201040588;117;32
1264;10000;384;0.009920974201040588;95;32
1265;10000;624;0.009920974201040588;106;64
1266;10000;512;0.009920974201040588;81;32
1267;10000;904;0.009920974201040588;205;64
1268;10000;924;0.009920974201040588;383;64
1269;10000;876;0.009920974201040588;135;64
1270;10000;1360;0.009920974201040588;226;128
1271;10000;1000;0.009920974201040588;292;64
1272;10000;640;0.009920974201040588;86;64
1273;10000;1284;0.009920974201040588;558;128
1274;10000;988;0.009920974201040588;304;64
1275;10000;1228;0.009920974201040588;191;64
1276;10000;848;0.009920974201040588;331;64
1277;10000;252;0.009920974201040588;65;16
1278;10000;864;0.009920974201040588;176;64
1279;10000;424;0.009920974201040588;75;32
1280;10000;604;0.009920974201040588;128;64
1281;10000;544;0.009920974201040588;141;64
1282;10000;1308;0.009920974201040588;276;128
1283;10000;620;0.009920974201040588;119;64
1284;10000;512;0.009920974201040588;91;32
1285;10000;284;0.009920974201040588;54;32
1286;10000;264;0.009920974201040588;70;32
1287;10000;556;0.009920974201040588;186;64
1288;10000;536;0.009920974201040588;133;64
1289;10000;744;0.009920974201040588;119;64
1290;10000;660;0.009920974201040588;137;64
1291;10000;936;0.009920974201040588;223;64
1292;10000;992;0.009920974201040588;297;64
1293;10000;2060;0.009920974201040588;617;128
1294;10000;732;0.009920974201040588;252;64
1295;10000;372;0.009920974201040588;62;32
1296;10000;692;0.009920974201040588;120;64
1297;10000;936;0.009920974201040588;174;64
1298;10000;648;0.009920974201040588;115;64
1299;10000;576;0.009920974201040588;102;64
1300;10000;284;0.009920974201040588;54;32
1301;10000;476;0.009920974201040588;152;32
1302;10000;656;0.009920974201040588;159;64
1303;10000;1408;0.009920974201040588;161;128
1304;10000;1392;0.009920974201040588;250;128
1305;10000;564;0.009920974201040588;105;64
1306;10000;748;0.009920974201040588;472;64
1307;10000;580;0.009920974201040588;89;64
1308;10000;680;0.009920974201040588;220;64
1309;10000;1352;0.009920974201040588;273;128
1310;10000;928;0.009920974201040588;283;64
1311;10000;840;0.009920974201040588;207;64
1312;10000;1212;0.009920974201040588;267;128
1313;10000;1768;0.009920974201040588;267;128
1314;10000;532;0.009920974201040588;114;64
1315;10000;188;0.009920974201040588;44;16
1316;10000;1492;0.009920974201040588;550;128
1317;10000;512;0.009920974201040588;92;32
1318;10000;964;0.009920974201040588;192;64
1319;10000;424;0.009920974201040588;145;32
1320;10000;548;0.009920974201040588;117;64
1321;10000;824;0.009920974201040588;139;64
1322;10000;1044;0.009920974201040588;295;128
1323;10000;480;0.009920974201040588;92;32
1324;10000;1224;0.009920974201040588;228;128
1325;10000;584;0.009920974201040588;144;64
1326;10000;652;0.009920974201040588;129;64
1327;10000;348;0.009920974201040588;70;32
1328;10000;672;0.009920974201040588;235;64
1329;10000;852;0.009920974201040588;155;64
1330;10000;348;0.009920974201040588;83;32
1331;10000;856;0.009920974201040588;138;64
1332;10000;372;0.009920974201040588;62;32
1333;10000;640;0.009920974201040588;266;64
1334;10000;376;0.009920974201040588;111;32
1335;10000;560;0.009920974201040588;93;64
1336;10000;748;0.009920974201040588;113;64
1337;10000;544;0.009920974201040588;92;64
1338;10000;640;0.009920974201040588;85;64
1339;10000;964;0.009920974201040588;426;64
1340;10000;656;0.009920974201040588;89;64
1341;10000;548;0.009920974201040588;118;64
1342;10000;532;0.009920974201040588;122;64
1343;10000;1360;0.009920974201040588;279;64
1344;10000;2744;0.009920974201040588;379;256
1345;10000;440;0.009920974201040588;169;32
1346;10000;1320;0.009920974201040588;294;64
1347;10000;2132;0.009920974201040588;370;128
1348;10000;1352;0.009920974201040588;221;128
1349;10000;756;0.009920974201040588;298;64
1350;10000;840;0.009920974201040588;410;64
1351;10000;588;0.009920974201040588;88;32
1352;10000;756;0.009920974201040588;134;64
1353;10000;564;0.009920974201040588;133;64
1354;10000;984;0.009920974201040588;346;64
1355;10000;2220;0.009920974201040588;339;256
1356;10000;1220;0.009920974201040588;259;128
1357;10000;600;0.009920974201040588;81;64
1358;10000;604;0.009920974201040588;89;64
1359;10000;1032;0.009920974201040588;181;128
1360;10000;648;0.009920974201040588;107;64
1361;10000;652;0.009920974201040588;182;64
1362;10000;672;0.009920974201040588;233;64
1363;10000;416;0.009920974201040588;98;32
1364;10000;448;0.009920974201040588;110;64
1365;10000;916;0.009920974201040588;182;64
1366;10000;340;0.009920974201040588;88;32
1367;10000;532;0.009920974201040588;92;32
1368;10000;1140;0.009920974201040588;620;128
1369;10000;1432;0.009920974201040588;265;128
1370;10000;660;0.009920974201040588;174;32
1371;10000;812;0.009920974201040588;234;64
1372;10000;440;0.009920974201040588;88;32
1373;10000;980;0.009920974201040588;357;64
1374;10000;3128;0.009920974201040588;1062;256
1375;10000;352;0.009920974201040588;66;32
1376;10000;772;0.009920974201040588;352;64
1377;10000;188;0.009920974201040588;43;16
1378;10000;728;0.009920974201040588;252;64
1379;10000;224;0.009920974201040588;60;32
1380;10000;1772;0.009920974201040588;529;128
1381;10000;1388;0.009920974201040588;305;128
1382;10000;684;0.009920974201040588;173;64
1383;10000;424;0.009920974201040588;85;32
1384;10000;536;0.009920974201040588;110;32
1385;10000;732;0.009920974201040588;268;64
1386;10000;804;0.009920974201040588;131;64
1387;10000;568;0.009920974201040588;83;64
1388;10000;308;0.009920974201040588;58;32
1389;10000;1444;0.009920974201040588;452;128
1390;10000;736;0.009920974201040588;142;64
1391;10000;1664;0.009920974201040588;363;128
1392;10000;708;0.009920974201040588;284;64
1393;10000;708;0.009920974201040588;217;64
1394;10000;520;0.009920974201040588;163;64
1395;10000;432;0.009920974201040588;91;32
1396;10000;1824;0.009920974201040588;382;128
1397;10000;1280;0.009920974201040588;316;128
1398;10000;912;0.009920974201040588;208;64
1399;10000;676;0.009920974201040588;160;32
1400;10000;332;0.009920974201040588;61;32
1401;10000;1052;0.009920974201040588;579;128
1402;10000;352;0.009920974201040588;101;32
1403;10000;796;0.009920974201040588;828;64
1404;10000;760;0.009920974201040588;199;64
1405;10000;860;0.009920974201040588;127;64
1406;10000;412;0.009920974201040588;79;32
1407;10000;696;0.009920974201040588;275;64
1408;10000;680;0.009920974201040588;111;64
1409;10000;724;0.009920974201040588;231;64
1410;10000;832;0.009920974201040588;162;64
1411;10000;232;0.009920974201040588;142;32
1412;10000;384;0.009920974201040588;87;32
1413;10000;388;0.009920974201040588;72;32
1414;10000;1060;0.009920974201040588;228;64
1415;10000;212;0.009920974201040588;46;16
1416;10000;740;0.009920974201040588;115;64
1417;10000;344;0.009920974201040588;96;32
1418;10000;672;0.009920974201040588;280;64
1419;10000;1008;0.009920974201040588;190;128
1420;10000;1004;0.009920974201040588;262;64
1421;10000;744;0.009920974201040588;176;32
1422;10000;280;0.009920974201040588;62;32
1423;10000;736;0.009920974201040588;257;64
1424;10000;456;0.009920974201040588;146;32
1425;10000;1592;0.009920974201040588;352;128
1426;10000;188;0.009920974201040588;52;16
1427;10000;368;0.009920974201040588;76;32
1428;10000;1152;0.009920974201040588;198;128
1429;10000;152;0.009920974201040588;67;16
1430;10000;1204;0.009920974201040588;351;128
1431;10000;540;0.009920974201040588;93;32
1432;10000;468;0.009920974201040588;68;64
1433;10000;1252;0.009920974201040588;136;128
1434;10000;364;0.009920974201040588;73;32
1435;10000;1552;0.009920974201040588;259;128
1436;10000;476;0.009920974201040588;262;32
1437;10000;536;0.009920974201040588;78;64
1438;10000;496;0.009920974201040588;101;64
1439;10000;668;0.009920974201040588;144;64
1440;10000;224;0.009920974201040588;60;16
1441;10000;756;0.009920974201040588;127;64
1442;10000;168;0.009920974201040588;41;16
1443;10000;1160;0.009920974201040588;126;128
1444;10000;596;0.009920974201040588;97;64
1445;10000;492;0.009920974201040588;255;32
1446;10000;188;0.009920974201040588;47;16
1447;10000;580;0.009920974201040588;134;64
1448;10000;608;0.009920974201040588;210;64
1449;10000;396;0.009920974201040588;81;32
1450;10000;388;0.009920974201040588;68;32
1451;10000;692;0.009920974201040588;107;64
1452;10000;532;0.009920974201040588;88;64
1453;10000;924;0.009920974201040588;188;64
1454;10000;564;0.009920974201040588;189;64
1455;10000;1372;0.009920974201040588;534;128
1456;10000;884;0.009920974201040588;373;64
1457;10000;500;0.009920974201040588;82;32
1458;10000;404;0.009920974201040588;88;32
1459;10000;704;0.009920974201040588;206;64
1460;10000;456;0.009920974201040588;81;32
1461;10000;224;0.009920974201040588;44;32
1462;10000;540;0.009920974201040588;97;32
1463;10000;1432;0.009920974201040588;236;128
1464;10000;288;0.009920974201040588;98;32
1465;10000;444;0.009920974201040588;81;32
1466;10000;832;0.009920974201040588;136;64
1467;10000;540;0.009920974201040588;89;32
1468;10000;660;0.009920974201040588;111;64
1469;10000;328;0.009920974201040588;70;32
1470;10000;920;0.009920974201040588;142;64
1471;10000;736;0.009920974201040588;105;64
1472;10000;404;0.009920974201040588;70;32
1473;10000;656;0.009920974201040588;136;64
1474;10000;1120;0.009920974201040588;397;128
1475;10000;460;0.009920974201040588;91;64
1476;10000;972;0.009920974201040588;220;64
1477;10000;724;0.009920974201040588;194;64
1478;10000;756;0.009920974201040588;145;64
1479;10000;796;0.009920974201040588;140;64
1480;10000;720;0.009920974201040588;253;64
1481;10000;600;0.009920974201040588;91;64
1482;10000;1288;0.009920974201040588;202;128
1483;10000;488;0.009920974201040588;75;64
1484;10000;1404;0.009920974201040588;210;128
1485;10000;692;0.009920974201040588;343;64
1486;10000;708;0.009920974201040588;268;64
1487;10000;912;0.009920974201040588;265;64
1488;10000;1252;0.009920974201040588;320;128
1489;10000;1716;0.009920974201040588;839;128
1490;10000;608;0.009920974201040588;102;64
1491;10000;716;0.009920974201040588;208;64
1492;10000;1292;0.009920974201040588;184;128
1493;10000;980;0.009920974201040588;342;64
1494;10000;480;0.009920974201040588;100;64
1495;10000;764;0.009920974201040588;210;64
1496;10000;476;0.009920974201040588;85;32
1497;10000;508;0.009920974201040588;79;32
1498;10000;240;0.009920974201040588;55;32
1499;10000;524;0.009920974201040588;101;64
1500;10000;592;0.009920974201040588;130;64
1501;10000;1432;0.009920974201040588;349;128
1502;10000;1144;0.009920974201040588;463;64
1503;10000;556;0.009920974201040588;294;64
1504;10000;396;0.009920974201040588;67;32
1505;10000;1040;0.009920974201040588;174;64
1506;10000;616;0.009920974201040588;99;64
1507;10000;752;0.009920974201040588;148;64
1508;10000;304;0.009920974201040588;76;32
1509;10000;156;0.009920974201040588;48;16
1510;10000;588;0.009920974201040588;142;64
1511;10000;1196;0.009920974201040588;304;128
1512;10000;640;0.009920974201040588;179;64
1513;10000;440;0.009920974201040588;98;32
1514;10000;512;0.009920974201040588;91;32
1515;10000;728;0.009920974201040588;169;32
1516;10000;784;0.009920974201040588;158;64
1517;10000;676;0.009920974201040588;314;64
1518;10000;316;0.009920974201040588;57;32
1519;10000;768;0.009920974201040588;160;64
1520;10000;596;0.009920974201040588;90;64
1521;10000;720;0.009920974201040588;213;64
1522;10000;360;0.009920974201040588;72;32
1523;10000;688;0.009920974201040588;161;64
1524;10000;732;0.009920974201040588;109;64
1525;10000;972;0.009920974201040588;159;128
1526;10000;1280;0.009920974201040588;156;128
1527;10000;656;0.009920974201040588;126;64
1528;10000;392;0.009920974201040588;89;32
1529;10000;628;0.009920974201040588;144;64
1530;10000;316;0.009920974201040588;75;32
1531;10000;596;0.009920974201040588;112;64
1532;10000;396;0.009920974201040588;111;32
1533;10000;240;0.009920974201040588;58;16
1534;10000;208;0.009920974201040588;41;32
1535;10000;536;0.009920974201040588;118;64
1536;10000;732;0.009920974201040588;141;64
1537;10000;736;0.009920974201040588;122;64
1538;10000;1144;0.009920974201040588;154;128
1539;10000;308;0.009920974201040588;59;32
1540;10000;472;0.009920974201040588;87;32
1541;10000;644;0.009920974201040588;92;64
1542;10000;1624;0.009920974201040588;345;128
1543;10000;1032;0.009920974201040588;648;64
1544;10000;132;0.009920974201040588;36;16
1545;10000;2288;0.009920974201040588;274;256
1546;10000;848;0.009920974201040588;172;64
1547;10000;628;0.009920974201040588;87;64
1548;10000;1392;0.009920974201040588;203;128
1549;10000;620;0.009920974201040588;99;64
1550;10000;1420;0.009920974201040588;269;128
1551;10000;504;0.009920974201040588;73;64
1552;10000;760;0.009920974201040588;140;64
1553;10000;400;0.009920974201040588;86;32
1554;10000;264;0.009920974201040588;49;32
1555;10000;1060;0.009920974201040588;243;128
1556;10000;520;0.009920974201040588;210;32
1557;10000;640;0.009920974201040588;127;64
1558;10000;1188;0.009920974201040588;265;128
1559;10000;972;0.009920974201040588;126;64
1560;10000;468;0.009920974201040588;65;64
1561;10000;508;0.009920974201040588;182;64
1562;10000;236;0.009920974201040588;51;32
1563;10000;380;0.009920974201040588;66;32
1564;10000;292;0.009920974201040588;62;32
1565;10000;884;0.009920974201040588;150;64
1566;10000;272;0.009920974201040588;72;32
1567;10000;256;0.009920974201040588;70;16
1568;10000;1148;0.009920974201040588;152;128
1569;10000;452;0.009920974201040588;74;32
1570;10000;500;0.009920974201040588;224;32
1571;10000;456;0.009920974201040588;73;32
1572;10000;496;0.009920974201040588;68;64
1573;10000;880;0.009920974201040588;394;64
1574;10000;200;0.009920974201040588;54;16
1575;10000;1188;0.009920974201040588;313;128
1576;10000;384;0.009920974201040588;134;32
1577;10000;172;0.009920974201040588;40;16
1578;10000;916;0.009920974201040588;283;64
1579;10000;512;0.009920974201040588;92;32
1580;10000;2332;0.009920974201040588;297;256
1581;10000;1492;0.009920974201040588;401;128
1582;10000;1564;0.009920974201040588;527;128
1583;10000;1564;0.009920974201040588;361;128
1584;10000;544;0.009920974201040588;110;64
1585;10000;284;0.009920974201040588;53;32
1586;10000;356;0.009920974201040588;68;32
1587;10000;276;0.009920974201040588;49;32
1588;10000;1224;0.009920974201040588;378;128
1589;10000;492;0.009920974201040588;94;64
1590;10000;592;0.009920974201040588;144;64
1591;10000;420;0.009920974201040588;76;32
1592;10000;724;0.009920974201040588;131;64
1593;10000;512;0.009920974201040588;101;32
1594;10000;1480;0.009920974201040588;361;128
1595;10000;1520;0.009920974201040588;314;128
1596;10000;552;0.009920974201040588;361;64
1597;10000;1016;0.009920974201040588;313;64
1598;10000;688;0.009920974201040588;160;64
1599;10000;788;0.009920974201040588;121;64
1600;10000;1012;0.009920974201040588;192;64
1601;10000;644;0.009920974201040588;135;64
1602;10000;628;0.009920974201040588;195;64
1603;10000;1172;0.009920974201040588;186;128
1604;10000;748;0.009920974201040588;152;64
1605;10000;1348;0.009920974201040588;283;128
1606;10000;624;0.009920974201040588;138;32
1607;10000;244;0.009920974201040588;67;16
1608;10000;584;0.009920974201040588;129;64
1609;10000;952;0.009920974201040588;502;64
1610;10000;708;0.009920974201040588;133;64
1611;10000;804;0.009920974201040588;270;64
1612;10000;1316;0.009920974201040588;452;128
1613;10000;748;0.009920974201040588;408;64
1614;10000;560;0.009920974201040588;137;64
1615;10000;652;0.009920974201040588;91;64
1616;10000;1716;0.009920974201040588;822;128
1617;10000;656;0.009920974201040588;180;64
1618;10000;612;0.009920974201040588;233;64
1619;10000;932;0.009920974201040588;207;64
1620;10000;708;0.009920974201040588;307;64
1621;10000;1632;0.009920974201040588;348;128
1622;10000;800;0.009920974201040588;326;64
1623;10000;732;0.009920974201040588;232;64
1624;10000;1208;0.009920974201040588;194;128
1625;10000;508;0.009920974201040588;92;64
1626;10000;164;0.009920974201040588;41;16
1627;10000;504;0.009920974201040588;74;64
1628;10000;608;0.009920974201040588;156;64
1629;10000;348;0.009920974201040588;81;32
1630;10000;672;0.009920974201040588;99;64
1631;10000;556;0.009920974201040588;104;64
1632;10000;484;0.009920974201040588;137;32
1633;10000;588;0.009920974201040588;84;64
1634;10000;1152;0.009920974201040588;153;128
1635;10000;860;0.009920974201040588;161;64
1636;10000;544;0.009920974201040588;115;64
1637;10000;620;0.009920974201040588;97;32
1638;10000;296;0.009920974201040588;62;32
1639;10000;936;0.009920974201040588;282;64
1640;10000;1136;0.009920974201040588;434;128
1641;10000;2944;0.009920974201040588;588;256
1642;10000;276;0.009920974201040588;72;32
1643;10000;600;0.009920974201040588;119;64
1644;10000;456;0.009920974201040588;87;32
1645;10000;792;0.009920974201040588;121;64
1646;10000;560;0.009920974201040588;93;32
1647;10000;1016;0.009920974201040588;193;128
1648;10000;208;0.009920974201040588;71;32
1649;10000;176;0.009920974201040588;43;16
1650;10000;280;0.009920974201040588;57;32
1651;10000;644;0.009920974201040588;113;64
1652;10000;500;0.009920974201040588;129;32
1653;10000;232;0.009920974201040588;66;16
1654;10000;456;0.009920974201040588;117;64
1655;10000;452;0.009920974201040588;98;32
1656;10000;408;0.009920974201040588;71;32
1657;10000;620;0.009920974201040588;104;64
1658;10000;316;0.009920974201040588;59;32
1659;10000;388;0.009920974201040588;72;32
1660;10000;580;0.009920974201040588;119;32
1661;10000;648;0.009920974201040588;107;64
1662;10000;1360;0.009920974201040588;193;128
1663;10000;480;0.009920974201040588;78;32
1664;10000;1152;0.009920974201040588;187;128
1665;10000;492;0.009920974201040588;76;64
1666;10000;324;0.009920974201040588;89;32
1667;10000;276;0.009920974201040588;52;32
